[
 {
  "ID": 0,
  "CreatedAt": "0001-01-01T00:00:00Z",
  "UpdatedAt": "0001-01-01T00:00:00Z",
  "DeletedAt": null,
  "name": "google / python-fire",
  "total_star": "10,729",
  "since_star": "347 ",
  "fork": "596",
  "description": "Python Fire is a library for automatically generating command line interfaces (CLIs) from absolutely any Python object.",
  "since_flag": "day",
  "language": "python"
 },
 {
  "ID": 0,
  "CreatedAt": "0001-01-01T00:00:00Z",
  "UpdatedAt": "0001-01-01T00:00:00Z",
  "DeletedAt": null,
  "name": "pwxcoo / chinese-xinhua",
  "total_star": "1,125",
  "since_star": "222 ",
  "fork": "275",
  "description": "中华新华字典数据库。包括歇后语，成语，词语，汉字。提供新华字典API。",
  "since_flag": "day",
  "language": "python"
 },
 {
  "ID": 0,
  "CreatedAt": "0001-01-01T00:00:00Z",
  "UpdatedAt": "0001-01-01T00:00:00Z",
  "DeletedAt": null,
  "name": "NVIDIA / vid2vid",
  "total_star": "227",
  "since_star": "145 ",
  "fork": "32",
  "description": "Pytorch implementation of our method for high-resolution (e.g. 2048x1024) photorealistic video-to-video translation.",
  "since_flag": "day",
  "language": "python"
 },
 {
  "ID": 0,
  "CreatedAt": "0001-01-01T00:00:00Z",
  "UpdatedAt": "0001-01-01T00:00:00Z",
  "DeletedAt": null,
  "name": "imhuay / Interview_Notes-Chinese",
  "total_star": "1,463",
  "since_star": "107 ",
  "fork": "298",
  "description": "2018/2019/校招/春招/秋招/自然语言处理(NLP)/深度学习(Deep Learning)/机器学习(Machine Learning)/C/C++/Python/面试笔记",
  "since_flag": "day",
  "language": "python"
 },
 {
  "ID": 0,
  "CreatedAt": "0001-01-01T00:00:00Z",
  "UpdatedAt": "0001-01-01T00:00:00Z",
  "DeletedAt": null,
  "name": "IEEEKeralaSection / rescuekerala",
  "total_star": "412",
  "since_star": "70 ",
  "fork": "501",
  "description": "Website for coordinating rehabilitation of people affected in the 2018 Kerala Floods",
  "since_flag": "day",
  "language": "python"
 },
 {
  "ID": 0,
  "CreatedAt": "0001-01-01T00:00:00Z",
  "UpdatedAt": "0001-01-01T00:00:00Z",
  "DeletedAt": null,
  "name": "astorfi / Deep-Learning-World",
  "total_star": "2,065",
  "since_star": "82 ",
  "fork": "167",
  "description": "📡 Organized Resources for Deep Learning Researchers and Developers",
  "since_flag": "day",
  "language": "python"
 },
 {
  "ID": 0,
  "CreatedAt": "0001-01-01T00:00:00Z",
  "UpdatedAt": "0001-01-01T00:00:00Z",
  "DeletedAt": null,
  "name": "donnemartin / system-design-primer",
  "total_star": "41,573",
  "since_star": "67 ",
  "fork": "5,399",
  "description": "Learn how to design large-scale systems. Prep for the system design interview. Includes Anki flashcards.",
  "since_flag": "day",
  "language": "python"
 },
 {
  "ID": 0,
  "CreatedAt": "0001-01-01T00:00:00Z",
  "UpdatedAt": "0001-01-01T00:00:00Z",
  "DeletedAt": null,
  "name": "UnkL4b / GitMiner",
  "total_star": "998",
  "since_star": "52 ",
  "fork": "220",
  "description": "Tool for advanced mining for content on Github",
  "since_flag": "day",
  "language": "python"
 },
 {
  "ID": 0,
  "CreatedAt": "0001-01-01T00:00:00Z",
  "UpdatedAt": "0001-01-01T00:00:00Z",
  "DeletedAt": null,
  "name": "tensorflow / models",
  "total_star": "40,114",
  "since_star": "34 ",
  "fork": "23,830",
  "description": "Models and examples built with TensorFlow",
  "since_flag": "day",
  "language": "python"
 },
 {
  "ID": 0,
  "CreatedAt": "0001-01-01T00:00:00Z",
  "UpdatedAt": "0001-01-01T00:00:00Z",
  "DeletedAt": null,
  "name": "vinta / awesome-python",
  "total_star": "54,010",
  "since_star": "38 ",
  "fork": "10,463",
  "description": "A curated list of awesome Python frameworks, libraries, software and resources",
  "since_flag": "day",
  "language": "python"
 },
 {
  "ID": 0,
  "CreatedAt": "0001-01-01T00:00:00Z",
  "UpdatedAt": "0001-01-01T00:00:00Z",
  "DeletedAt": null,
  "name": "calebmadrigal / trackerjacker",
  "total_star": "1,685",
  "since_star": "35 ",
  "fork": "82",
  "description": "Like nmap for mapping wifi networks you're not connected to, plus device tracking",
  "since_flag": "day",
  "language": "python"
 },
 {
  "ID": 0,
  "CreatedAt": "0001-01-01T00:00:00Z",
  "UpdatedAt": "0001-01-01T00:00:00Z",
  "DeletedAt": null,
  "name": "s0md3v / Photon",
  "total_star": "3,136",
  "since_star": "31 ",
  "fork": "280",
  "description": "Incredibly fast crawler which extracts urls, emails, files, website accounts and much more.",
  "since_flag": "day",
  "language": "python"
 },
 {
  "ID": 0,
  "CreatedAt": "0001-01-01T00:00:00Z",
  "UpdatedAt": "0001-01-01T00:00:00Z",
  "DeletedAt": null,
  "name": "two06 / Inception",
  "total_star": "62",
  "since_star": "27 ",
  "fork": "21",
  "description": "Provides In-memory compilation and reflective loading of C# apps for AV evasion.",
  "since_flag": "day",
  "language": "python"
 },
 {
  "ID": 0,
  "CreatedAt": "0001-01-01T00:00:00Z",
  "UpdatedAt": "0001-01-01T00:00:00Z",
  "DeletedAt": null,
  "name": "jhfjhfj1 / autokeras",
  "total_star": "2,558",
  "since_star": "26 ",
  "fork": "305",
  "description": "accessible AutoML for deep learning.",
  "since_flag": "day",
  "language": "python"
 },
 {
  "ID": 0,
  "CreatedAt": "0001-01-01T00:00:00Z",
  "UpdatedAt": "0001-01-01T00:00:00Z",
  "DeletedAt": null,
  "name": "yeasy / docker_practice",
  "total_star": "9,214",
  "since_star": "24 ",
  "fork": "3,044",
  "description": "Learn and understand Docker technologies, with real DevOps practice!",
  "since_flag": "day",
  "language": "python"
 },
 {
  "ID": 0,
  "CreatedAt": "0001-01-01T00:00:00Z",
  "UpdatedAt": "0001-01-01T00:00:00Z",
  "DeletedAt": null,
  "name": "chinese-poetry / chinese-poetry",
  "total_star": "10,634",
  "since_star": "23 ",
  "fork": "1,586",
  "description": "最全中华古诗词数据库, 唐宋两朝近一万四千古诗人, 接近5.5万首唐诗加26万宋诗. 两宋时期1564位词人，21050首词。",
  "since_flag": "day",
  "language": "python"
 },
 {
  "ID": 0,
  "CreatedAt": "0001-01-01T00:00:00Z",
  "UpdatedAt": "0001-01-01T00:00:00Z",
  "DeletedAt": null,
  "name": "keras-team / keras",
  "total_star": "32,650",
  "since_star": "20 ",
  "fork": "12,278",
  "description": "Deep Learning for humans",
  "since_flag": "day",
  "language": "python"
 },
 {
  "ID": 0,
  "CreatedAt": "0001-01-01T00:00:00Z",
  "UpdatedAt": "0001-01-01T00:00:00Z",
  "DeletedAt": null,
  "name": "chubin / cheat.sh",
  "total_star": "12,362",
  "since_star": "20 ",
  "fork": "498",
  "description": "the only cheat sheet you need",
  "since_flag": "day",
  "language": "python"
 },
 {
  "ID": 0,
  "CreatedAt": "0001-01-01T00:00:00Z",
  "UpdatedAt": "0001-01-01T00:00:00Z",
  "DeletedAt": null,
  "name": "ageitgey / face_recognition",
  "total_star": "16,038",
  "since_star": "19 ",
  "fork": "3,780",
  "description": "The world's simplest facial recognition api for Python and the command line",
  "since_flag": "day",
  "language": "python"
 },
 {
  "ID": 0,
  "CreatedAt": "0001-01-01T00:00:00Z",
  "UpdatedAt": "0001-01-01T00:00:00Z",
  "DeletedAt": null,
  "name": "django / django",
  "total_star": "35,821",
  "since_star": "18 ",
  "fork": "15,321",
  "description": "The Web framework for perfectionists with deadlines.",
  "since_flag": "day",
  "language": "python"
 },
 {
  "ID": 0,
  "CreatedAt": "0001-01-01T00:00:00Z",
  "UpdatedAt": "0001-01-01T00:00:00Z",
  "DeletedAt": null,
  "name": "ashutosh1206 / Crypton",
  "total_star": "288",
  "since_star": "20 ",
  "fork": "30",
  "description": "Library consisting of explanation and implementation of all the existing attacks on various Encryption Systems, Digital Signatures, Hashing Algorithms along with example challenges from CTFs",
  "since_flag": "day",
  "language": "python"
 },
 {
  "ID": 0,
  "CreatedAt": "0001-01-01T00:00:00Z",
  "UpdatedAt": "0001-01-01T00:00:00Z",
  "DeletedAt": null,
  "name": "SpiderLabs / social_mapper",
  "total_star": "1,357",
  "since_star": "15 ",
  "fork": "343",
  "description": "A Social Media Enumeration \u0026 Correlation Tool by Jacob Wilkin(Greenwolf)",
  "since_flag": "day",
  "language": "python"
 },
 {
  "ID": 0,
  "CreatedAt": "0001-01-01T00:00:00Z",
  "UpdatedAt": "0001-01-01T00:00:00Z",
  "DeletedAt": null,
  "name": "XX-net / XX-Net",
  "total_star": "24,315",
  "since_star": "17 ",
  "fork": "6,986",
  "description": "a web proxy tool",
  "since_flag": "day",
  "language": "python"
 },
 {
  "ID": 0,
  "CreatedAt": "0001-01-01T00:00:00Z",
  "UpdatedAt": "0001-01-01T00:00:00Z",
  "DeletedAt": null,
  "name": "rg3 / youtube-dl",
  "total_star": "40,719",
  "since_star": "15 ",
  "fork": "7,177",
  "description": "Command-line program to download videos from YouTube.com and other video sites",
  "since_flag": "day",
  "language": "python"
 },
 {
  "ID": 0,
  "CreatedAt": "0001-01-01T00:00:00Z",
  "UpdatedAt": "0001-01-01T00:00:00Z",
  "DeletedAt": null,
  "name": "pandas-dev / pandas",
  "total_star": "15,625",
  "since_star": "16 ",
  "fork": "6,299",
  "description": "Flexible and powerful data analysis / manipulation library for Python, providing labeled data structures similar to R data.frame objects, statistical functions, and much more",
  "since_flag": "day",
  "language": "python"
 },
 {
  "ID": 0,
  "CreatedAt": "0001-01-01T00:00:00Z",
  "UpdatedAt": "0001-01-01T00:00:00Z",
  "DeletedAt": null,
  "name": "astorfi / Deep-Learning-World",
  "total_star": "2,065",
  "since_star": "2,056 ",
  "fork": "167",
  "description": "📡 Organized Resources for Deep Learning Researchers and Developers",
  "since_flag": "weekly",
  "language": "python"
 },
 {
  "ID": 0,
  "CreatedAt": "0001-01-01T00:00:00Z",
  "UpdatedAt": "0001-01-01T00:00:00Z",
  "DeletedAt": null,
  "name": "calebmadrigal / trackerjacker",
  "total_star": "1,685",
  "since_star": "1,523 ",
  "fork": "82",
  "description": "Like nmap for mapping wifi networks you're not connected to, plus device tracking",
  "since_flag": "weekly",
  "language": "python"
 },
 {
  "ID": 0,
  "CreatedAt": "0001-01-01T00:00:00Z",
  "UpdatedAt": "0001-01-01T00:00:00Z",
  "DeletedAt": null,
  "name": "imhuay / Interview_Notes-Chinese",
  "total_star": "1,463",
  "since_star": "1,369 ",
  "fork": "298",
  "description": "2018/2019/校招/春招/秋招/自然语言处理(NLP)/深度学习(Deep Learning)/机器学习(Machine Learning)/C/C++/Python/面试笔记",
  "since_flag": "weekly",
  "language": "python"
 },
 {
  "ID": 0,
  "CreatedAt": "0001-01-01T00:00:00Z",
  "UpdatedAt": "0001-01-01T00:00:00Z",
  "DeletedAt": null,
  "name": "virtualabs / btlejack",
  "total_star": "867",
  "since_star": "844 ",
  "fork": "53",
  "description": "Bluetooth Low Energy Swiss-army knife",
  "since_flag": "weekly",
  "language": "python"
 },
 {
  "ID": 0,
  "CreatedAt": "0001-01-01T00:00:00Z",
  "UpdatedAt": "0001-01-01T00:00:00Z",
  "DeletedAt": null,
  "name": "pwxcoo / chinese-xinhua",
  "total_star": "1,125",
  "since_star": "754 ",
  "fork": "275",
  "description": "中华新华字典数据库。包括歇后语，成语，词语，汉字。提供新华字典API。",
  "since_flag": "weekly",
  "language": "python"
 },
 {
  "ID": 0,
  "CreatedAt": "0001-01-01T00:00:00Z",
  "UpdatedAt": "0001-01-01T00:00:00Z",
  "DeletedAt": null,
  "name": "google / python-fire",
  "total_star": "10,729",
  "since_star": "816 ",
  "fork": "596",
  "description": "Python Fire is a library for automatically generating command line interfaces (CLIs) from absolutely any Python object.",
  "since_flag": "weekly",
  "language": "python"
 },
 {
  "ID": 0,
  "CreatedAt": "0001-01-01T00:00:00Z",
  "UpdatedAt": "0001-01-01T00:00:00Z",
  "DeletedAt": null,
  "name": "donnemartin / system-design-primer",
  "total_star": "41,573",
  "since_star": "743 ",
  "fork": "5,399",
  "description": "Learn how to design large-scale systems. Prep for the system design interview. Includes Anki flashcards.",
  "since_flag": "weekly",
  "language": "python"
 },
 {
  "ID": 0,
  "CreatedAt": "0001-01-01T00:00:00Z",
  "UpdatedAt": "0001-01-01T00:00:00Z",
  "DeletedAt": null,
  "name": "chinese-poetry / chinese-poetry",
  "total_star": "10,634",
  "since_star": "739 ",
  "fork": "1,586",
  "description": "最全中华古诗词数据库, 唐宋两朝近一万四千古诗人, 接近5.5万首唐诗加26万宋诗. 两宋时期1564位词人，21050首词。",
  "since_flag": "weekly",
  "language": "python"
 },
 {
  "ID": 0,
  "CreatedAt": "0001-01-01T00:00:00Z",
  "UpdatedAt": "0001-01-01T00:00:00Z",
  "DeletedAt": null,
  "name": "IEEEKeralaSection / rescuekerala",
  "total_star": "412",
  "since_star": "406 ",
  "fork": "501",
  "description": "Website for coordinating rehabilitation of people affected in the 2018 Kerala Floods",
  "since_flag": "weekly",
  "language": "python"
 },
 {
  "ID": 0,
  "CreatedAt": "0001-01-01T00:00:00Z",
  "UpdatedAt": "0001-01-01T00:00:00Z",
  "DeletedAt": null,
  "name": "SpiderLabs / social_mapper",
  "total_star": "1,357",
  "since_star": "512 ",
  "fork": "343",
  "description": "A Social Media Enumeration \u0026 Correlation Tool by Jacob Wilkin(Greenwolf)",
  "since_flag": "weekly",
  "language": "python"
 },
 {
  "ID": 0,
  "CreatedAt": "0001-01-01T00:00:00Z",
  "UpdatedAt": "0001-01-01T00:00:00Z",
  "DeletedAt": null,
  "name": "tensorflow / models",
  "total_star": "40,114",
  "since_star": "356 ",
  "fork": "23,830",
  "description": "Models and examples built with TensorFlow",
  "since_flag": "weekly",
  "language": "python"
 },
 {
  "ID": 0,
  "CreatedAt": "0001-01-01T00:00:00Z",
  "UpdatedAt": "0001-01-01T00:00:00Z",
  "DeletedAt": null,
  "name": "facebookresearch / UnsupervisedMT",
  "total_star": "449",
  "since_star": "448 ",
  "fork": "50",
  "description": "Phrase-Based \u0026 Neural Unsupervised Machine Translation",
  "since_flag": "weekly",
  "language": "python"
 },
 {
  "ID": 0,
  "CreatedAt": "0001-01-01T00:00:00Z",
  "UpdatedAt": "0001-01-01T00:00:00Z",
  "DeletedAt": null,
  "name": "jhfjhfj1 / autokeras",
  "total_star": "2,558",
  "since_star": "370 ",
  "fork": "305",
  "description": "accessible AutoML for deep learning.",
  "since_flag": "weekly",
  "language": "python"
 },
 {
  "ID": 0,
  "CreatedAt": "0001-01-01T00:00:00Z",
  "UpdatedAt": "0001-01-01T00:00:00Z",
  "DeletedAt": null,
  "name": "vinta / awesome-python",
  "total_star": "54,010",
  "since_star": "352 ",
  "fork": "10,463",
  "description": "A curated list of awesome Python frameworks, libraries, software and resources",
  "since_flag": "weekly",
  "language": "python"
 },
 {
  "ID": 0,
  "CreatedAt": "0001-01-01T00:00:00Z",
  "UpdatedAt": "0001-01-01T00:00:00Z",
  "DeletedAt": null,
  "name": "ashutosh1206 / Crypton",
  "total_star": "288",
  "since_star": "287 ",
  "fork": "30",
  "description": "Library consisting of explanation and implementation of all the existing attacks on various Encryption Systems, Digital Signatures, Hashing Algorithms along with example challenges from CTFs",
  "since_flag": "weekly",
  "language": "python"
 },
 {
  "ID": 0,
  "CreatedAt": "0001-01-01T00:00:00Z",
  "UpdatedAt": "0001-01-01T00:00:00Z",
  "DeletedAt": null,
  "name": "keras-team / keras",
  "total_star": "32,650",
  "since_star": "223 ",
  "fork": "12,278",
  "description": "Deep Learning for humans",
  "since_flag": "weekly",
  "language": "python"
 },
 {
  "ID": 0,
  "CreatedAt": "0001-01-01T00:00:00Z",
  "UpdatedAt": "0001-01-01T00:00:00Z",
  "DeletedAt": null,
  "name": "chubin / cheat.sh",
  "total_star": "12,362",
  "since_star": "259 ",
  "fork": "498",
  "description": "the only cheat sheet you need",
  "since_flag": "weekly",
  "language": "python"
 },
 {
  "ID": 0,
  "CreatedAt": "0001-01-01T00:00:00Z",
  "UpdatedAt": "0001-01-01T00:00:00Z",
  "DeletedAt": null,
  "name": "yogurt-cultures / kefir",
  "total_star": "346",
  "since_star": "225 ",
  "fork": "26",
  "description": "Kefir is a natural language processing kit for Turkic languages",
  "since_flag": "weekly",
  "language": "python"
 },
 {
  "ID": 0,
  "CreatedAt": "0001-01-01T00:00:00Z",
  "UpdatedAt": "0001-01-01T00:00:00Z",
  "DeletedAt": null,
  "name": "ageitgey / face_recognition",
  "total_star": "16,038",
  "since_star": "205 ",
  "fork": "3,780",
  "description": "The world's simplest facial recognition api for Python and the command line",
  "since_flag": "weekly",
  "language": "python"
 },
 {
  "ID": 0,
  "CreatedAt": "0001-01-01T00:00:00Z",
  "UpdatedAt": "0001-01-01T00:00:00Z",
  "DeletedAt": null,
  "name": "toddmotto / public-apis",
  "total_star": "41,224",
  "since_star": "213 ",
  "fork": "4,117",
  "description": "A collective list of public JSON APIs for use in web development.",
  "since_flag": "weekly",
  "language": "python"
 },
 {
  "ID": 0,
  "CreatedAt": "0001-01-01T00:00:00Z",
  "UpdatedAt": "0001-01-01T00:00:00Z",
  "DeletedAt": null,
  "name": "rg3 / youtube-dl",
  "total_star": "40,719",
  "since_star": "197 ",
  "fork": "7,177",
  "description": "Command-line program to download videos from YouTube.com and other video sites",
  "since_flag": "weekly",
  "language": "python"
 },
 {
  "ID": 0,
  "CreatedAt": "0001-01-01T00:00:00Z",
  "UpdatedAt": "0001-01-01T00:00:00Z",
  "DeletedAt": null,
  "name": "s0md3v / Photon",
  "total_star": "3,136",
  "since_star": "195 ",
  "fork": "280",
  "description": "Incredibly fast crawler which extracts urls, emails, files, website accounts and much more.",
  "since_flag": "weekly",
  "language": "python"
 },
 {
  "ID": 0,
  "CreatedAt": "0001-01-01T00:00:00Z",
  "UpdatedAt": "0001-01-01T00:00:00Z",
  "DeletedAt": null,
  "name": "haskellcamargo / sclack",
  "total_star": "1,454",
  "since_star": "208 ",
  "fork": "44",
  "description": "The best CLI client for Slack, because everything is terrible!",
  "since_flag": "weekly",
  "language": "python"
 },
 {
  "ID": 0,
  "CreatedAt": "0001-01-01T00:00:00Z",
  "UpdatedAt": "0001-01-01T00:00:00Z",
  "DeletedAt": null,
  "name": "django / django",
  "total_star": "35,821",
  "since_star": "158 ",
  "fork": "15,321",
  "description": "The Web framework for perfectionists with deadlines.",
  "since_flag": "weekly",
  "language": "python"
 },
 {
  "ID": 0,
  "CreatedAt": "0001-01-01T00:00:00Z",
  "UpdatedAt": "0001-01-01T00:00:00Z",
  "DeletedAt": null,
  "name": "ansible / ansible",
  "total_star": "32,037",
  "since_star": "153 ",
  "fork": "12,453",
  "description": "Ansible is a radically simple IT automation platform that makes your applications and systems easier to deploy. Avoid writing scripts or custom code to deploy and update your applications — automate in a language that approaches plain English, using SSH, with no agents to install on remote systems. https://docs.ansible.com/ansible/",
  "since_flag": "weekly",
  "language": "python"
 },
 {
  "ID": 0,
  "CreatedAt": "0001-01-01T00:00:00Z",
  "UpdatedAt": "0001-01-01T00:00:00Z",
  "DeletedAt": null,
  "name": "google / python-fire",
  "total_star": "10,729",
  "since_star": "347 ",
  "fork": "596",
  "description": "Python Fire is a library for automatically generating command line interfaces (CLIs) from absolutely any Python object.",
  "since_flag": "month",
  "language": "python"
 },
 {
  "ID": 0,
  "CreatedAt": "0001-01-01T00:00:00Z",
  "UpdatedAt": "0001-01-01T00:00:00Z",
  "DeletedAt": null,
  "name": "pwxcoo / chinese-xinhua",
  "total_star": "1,125",
  "since_star": "222 ",
  "fork": "275",
  "description": "中华新华字典数据库。包括歇后语，成语，词语，汉字。提供新华字典API。",
  "since_flag": "month",
  "language": "python"
 },
 {
  "ID": 0,
  "CreatedAt": "0001-01-01T00:00:00Z",
  "UpdatedAt": "0001-01-01T00:00:00Z",
  "DeletedAt": null,
  "name": "NVIDIA / vid2vid",
  "total_star": "227",
  "since_star": "145 ",
  "fork": "32",
  "description": "Pytorch implementation of our method for high-resolution (e.g. 2048x1024) photorealistic video-to-video translation.",
  "since_flag": "month",
  "language": "python"
 },
 {
  "ID": 0,
  "CreatedAt": "0001-01-01T00:00:00Z",
  "UpdatedAt": "0001-01-01T00:00:00Z",
  "DeletedAt": null,
  "name": "imhuay / Interview_Notes-Chinese",
  "total_star": "1,463",
  "since_star": "107 ",
  "fork": "298",
  "description": "2018/2019/校招/春招/秋招/自然语言处理(NLP)/深度学习(Deep Learning)/机器学习(Machine Learning)/C/C++/Python/面试笔记",
  "since_flag": "month",
  "language": "python"
 },
 {
  "ID": 0,
  "CreatedAt": "0001-01-01T00:00:00Z",
  "UpdatedAt": "0001-01-01T00:00:00Z",
  "DeletedAt": null,
  "name": "IEEEKeralaSection / rescuekerala",
  "total_star": "412",
  "since_star": "70 ",
  "fork": "501",
  "description": "Website for coordinating rehabilitation of people affected in the 2018 Kerala Floods",
  "since_flag": "month",
  "language": "python"
 },
 {
  "ID": 0,
  "CreatedAt": "0001-01-01T00:00:00Z",
  "UpdatedAt": "0001-01-01T00:00:00Z",
  "DeletedAt": null,
  "name": "astorfi / Deep-Learning-World",
  "total_star": "2,065",
  "since_star": "82 ",
  "fork": "167",
  "description": "📡 Organized Resources for Deep Learning Researchers and Developers",
  "since_flag": "month",
  "language": "python"
 },
 {
  "ID": 0,
  "CreatedAt": "0001-01-01T00:00:00Z",
  "UpdatedAt": "0001-01-01T00:00:00Z",
  "DeletedAt": null,
  "name": "donnemartin / system-design-primer",
  "total_star": "41,573",
  "since_star": "67 ",
  "fork": "5,399",
  "description": "Learn how to design large-scale systems. Prep for the system design interview. Includes Anki flashcards.",
  "since_flag": "month",
  "language": "python"
 },
 {
  "ID": 0,
  "CreatedAt": "0001-01-01T00:00:00Z",
  "UpdatedAt": "0001-01-01T00:00:00Z",
  "DeletedAt": null,
  "name": "UnkL4b / GitMiner",
  "total_star": "998",
  "since_star": "52 ",
  "fork": "220",
  "description": "Tool for advanced mining for content on Github",
  "since_flag": "month",
  "language": "python"
 },
 {
  "ID": 0,
  "CreatedAt": "0001-01-01T00:00:00Z",
  "UpdatedAt": "0001-01-01T00:00:00Z",
  "DeletedAt": null,
  "name": "tensorflow / models",
  "total_star": "40,114",
  "since_star": "34 ",
  "fork": "23,830",
  "description": "Models and examples built with TensorFlow",
  "since_flag": "month",
  "language": "python"
 },
 {
  "ID": 0,
  "CreatedAt": "0001-01-01T00:00:00Z",
  "UpdatedAt": "0001-01-01T00:00:00Z",
  "DeletedAt": null,
  "name": "vinta / awesome-python",
  "total_star": "54,010",
  "since_star": "38 ",
  "fork": "10,463",
  "description": "A curated list of awesome Python frameworks, libraries, software and resources",
  "since_flag": "month",
  "language": "python"
 },
 {
  "ID": 0,
  "CreatedAt": "0001-01-01T00:00:00Z",
  "UpdatedAt": "0001-01-01T00:00:00Z",
  "DeletedAt": null,
  "name": "calebmadrigal / trackerjacker",
  "total_star": "1,685",
  "since_star": "35 ",
  "fork": "82",
  "description": "Like nmap for mapping wifi networks you're not connected to, plus device tracking",
  "since_flag": "month",
  "language": "python"
 },
 {
  "ID": 0,
  "CreatedAt": "0001-01-01T00:00:00Z",
  "UpdatedAt": "0001-01-01T00:00:00Z",
  "DeletedAt": null,
  "name": "s0md3v / Photon",
  "total_star": "3,136",
  "since_star": "31 ",
  "fork": "280",
  "description": "Incredibly fast crawler which extracts urls, emails, files, website accounts and much more.",
  "since_flag": "month",
  "language": "python"
 },
 {
  "ID": 0,
  "CreatedAt": "0001-01-01T00:00:00Z",
  "UpdatedAt": "0001-01-01T00:00:00Z",
  "DeletedAt": null,
  "name": "two06 / Inception",
  "total_star": "62",
  "since_star": "27 ",
  "fork": "21",
  "description": "Provides In-memory compilation and reflective loading of C# apps for AV evasion.",
  "since_flag": "month",
  "language": "python"
 },
 {
  "ID": 0,
  "CreatedAt": "0001-01-01T00:00:00Z",
  "UpdatedAt": "0001-01-01T00:00:00Z",
  "DeletedAt": null,
  "name": "jhfjhfj1 / autokeras",
  "total_star": "2,558",
  "since_star": "26 ",
  "fork": "305",
  "description": "accessible AutoML for deep learning.",
  "since_flag": "month",
  "language": "python"
 },
 {
  "ID": 0,
  "CreatedAt": "0001-01-01T00:00:00Z",
  "UpdatedAt": "0001-01-01T00:00:00Z",
  "DeletedAt": null,
  "name": "yeasy / docker_practice",
  "total_star": "9,214",
  "since_star": "24 ",
  "fork": "3,044",
  "description": "Learn and understand Docker technologies, with real DevOps practice!",
  "since_flag": "month",
  "language": "python"
 },
 {
  "ID": 0,
  "CreatedAt": "0001-01-01T00:00:00Z",
  "UpdatedAt": "0001-01-01T00:00:00Z",
  "DeletedAt": null,
  "name": "chinese-poetry / chinese-poetry",
  "total_star": "10,634",
  "since_star": "23 ",
  "fork": "1,586",
  "description": "最全中华古诗词数据库, 唐宋两朝近一万四千古诗人, 接近5.5万首唐诗加26万宋诗. 两宋时期1564位词人，21050首词。",
  "since_flag": "month",
  "language": "python"
 },
 {
  "ID": 0,
  "CreatedAt": "0001-01-01T00:00:00Z",
  "UpdatedAt": "0001-01-01T00:00:00Z",
  "DeletedAt": null,
  "name": "keras-team / keras",
  "total_star": "32,650",
  "since_star": "20 ",
  "fork": "12,278",
  "description": "Deep Learning for humans",
  "since_flag": "month",
  "language": "python"
 },
 {
  "ID": 0,
  "CreatedAt": "0001-01-01T00:00:00Z",
  "UpdatedAt": "0001-01-01T00:00:00Z",
  "DeletedAt": null,
  "name": "chubin / cheat.sh",
  "total_star": "12,362",
  "since_star": "20 ",
  "fork": "498",
  "description": "the only cheat sheet you need",
  "since_flag": "month",
  "language": "python"
 },
 {
  "ID": 0,
  "CreatedAt": "0001-01-01T00:00:00Z",
  "UpdatedAt": "0001-01-01T00:00:00Z",
  "DeletedAt": null,
  "name": "ageitgey / face_recognition",
  "total_star": "16,038",
  "since_star": "19 ",
  "fork": "3,780",
  "description": "The world's simplest facial recognition api for Python and the command line",
  "since_flag": "month",
  "language": "python"
 },
 {
  "ID": 0,
  "CreatedAt": "0001-01-01T00:00:00Z",
  "UpdatedAt": "0001-01-01T00:00:00Z",
  "DeletedAt": null,
  "name": "django / django",
  "total_star": "35,821",
  "since_star": "18 ",
  "fork": "15,321",
  "description": "The Web framework for perfectionists with deadlines.",
  "since_flag": "month",
  "language": "python"
 },
 {
  "ID": 0,
  "CreatedAt": "0001-01-01T00:00:00Z",
  "UpdatedAt": "0001-01-01T00:00:00Z",
  "DeletedAt": null,
  "name": "ashutosh1206 / Crypton",
  "total_star": "288",
  "since_star": "20 ",
  "fork": "30",
  "description": "Library consisting of explanation and implementation of all the existing attacks on various Encryption Systems, Digital Signatures, Hashing Algorithms along with example challenges from CTFs",
  "since_flag": "month",
  "language": "python"
 },
 {
  "ID": 0,
  "CreatedAt": "0001-01-01T00:00:00Z",
  "UpdatedAt": "0001-01-01T00:00:00Z",
  "DeletedAt": null,
  "name": "SpiderLabs / social_mapper",
  "total_star": "1,357",
  "since_star": "15 ",
  "fork": "343",
  "description": "A Social Media Enumeration \u0026 Correlation Tool by Jacob Wilkin(Greenwolf)",
  "since_flag": "month",
  "language": "python"
 },
 {
  "ID": 0,
  "CreatedAt": "0001-01-01T00:00:00Z",
  "UpdatedAt": "0001-01-01T00:00:00Z",
  "DeletedAt": null,
  "name": "XX-net / XX-Net",
  "total_star": "24,315",
  "since_star": "17 ",
  "fork": "6,986",
  "description": "a web proxy tool",
  "since_flag": "month",
  "language": "python"
 },
 {
  "ID": 0,
  "CreatedAt": "0001-01-01T00:00:00Z",
  "UpdatedAt": "0001-01-01T00:00:00Z",
  "DeletedAt": null,
  "name": "rg3 / youtube-dl",
  "total_star": "40,719",
  "since_star": "15 ",
  "fork": "7,177",
  "description": "Command-line program to download videos from YouTube.com and other video sites",
  "since_flag": "month",
  "language": "python"
 },
 {
  "ID": 0,
  "CreatedAt": "0001-01-01T00:00:00Z",
  "UpdatedAt": "0001-01-01T00:00:00Z",
  "DeletedAt": null,
  "name": "pandas-dev / pandas",
  "total_star": "15,625",
  "since_star": "16 ",
  "fork": "6,299",
  "description": "Flexible and powerful data analysis / manipulation library for Python, providing labeled data structures similar to R data.frame objects, statistical functions, and much more",
  "since_flag": "month",
  "language": "python"
 },
 {
  "ID": 0,
  "CreatedAt": "0001-01-01T00:00:00Z",
  "UpdatedAt": "0001-01-01T00:00:00Z",
  "DeletedAt": null,
  "name": "MichaelMure / git-bug",
  "total_star": "1,319",
  "since_star": "332 ",
  "fork": "23",
  "description": "Distributed bug tracker embedded in Git",
  "since_flag": "day",
  "language": "go"
 },
 {
  "ID": 0,
  "CreatedAt": "0001-01-01T00:00:00Z",
  "UpdatedAt": "0001-01-01T00:00:00Z",
  "DeletedAt": null,
  "name": "aykevl / tinygo",
  "total_star": "285",
  "since_star": "266 ",
  "fork": "8",
  "description": "Go compiler for small devices, based on LLVM.",
  "since_flag": "day",
  "language": "go"
 },
 {
  "ID": 0,
  "CreatedAt": "0001-01-01T00:00:00Z",
  "UpdatedAt": "0001-01-01T00:00:00Z",
  "DeletedAt": null,
  "name": "jesseduffield / lazygit",
  "total_star": "8,373",
  "since_star": "101 ",
  "fork": "219",
  "description": "simple terminal UI for git commands",
  "since_flag": "day",
  "language": "go"
 },
 {
  "ID": 0,
  "CreatedAt": "0001-01-01T00:00:00Z",
  "UpdatedAt": "0001-01-01T00:00:00Z",
  "DeletedAt": null,
  "name": "Jeffail / benthos",
  "total_star": "1,313",
  "since_star": "54 ",
  "fork": "36",
  "description": "A dull, resilient and quick to deploy stream processor",
  "since_flag": "day",
  "language": "go"
 },
 {
  "ID": 0,
  "CreatedAt": "0001-01-01T00:00:00Z",
  "UpdatedAt": "0001-01-01T00:00:00Z",
  "DeletedAt": null,
  "name": "kubernetes / kubernetes",
  "total_star": "40,228",
  "since_star": "33 ",
  "fork": "13,990",
  "description": "Production-Grade Container Scheduling and Management",
  "since_flag": "day",
  "language": "go"
 },
 {
  "ID": 0,
  "CreatedAt": "0001-01-01T00:00:00Z",
  "UpdatedAt": "0001-01-01T00:00:00Z",
  "DeletedAt": null,
  "name": "iikira / BaiduPCS-Go",
  "total_star": "5,591",
  "since_star": "38 ",
  "fork": "798",
  "description": "百度网盘客户端 - Go语言编写",
  "since_flag": "day",
  "language": "go"
 },
 {
  "ID": 0,
  "CreatedAt": "0001-01-01T00:00:00Z",
  "UpdatedAt": "0001-01-01T00:00:00Z",
  "DeletedAt": null,
  "name": "FiloSottile / mkcert",
  "total_star": "9,865",
  "since_star": "38 ",
  "fork": "327",
  "description": "A simple zero-config tool to make locally trusted development certificates with any names you'd like.",
  "since_flag": "day",
  "language": "go"
 },
 {
  "ID": 0,
  "CreatedAt": "0001-01-01T00:00:00Z",
  "UpdatedAt": "0001-01-01T00:00:00Z",
  "DeletedAt": null,
  "name": "avelino / awesome-go",
  "total_star": "34,258",
  "since_star": "35 ",
  "fork": "4,408",
  "description": "A curated list of awesome Go frameworks, libraries and software",
  "since_flag": "day",
  "language": "go"
 },
 {
  "ID": 0,
  "CreatedAt": "0001-01-01T00:00:00Z",
  "UpdatedAt": "0001-01-01T00:00:00Z",
  "DeletedAt": null,
  "name": "v2ray / v2ray-core",
  "total_star": "9,797",
  "since_star": "28 ",
  "fork": "2,092",
  "description": "A platform for building proxies to bypass network restrictions.",
  "since_flag": "day",
  "language": "go"
 },
 {
  "ID": 0,
  "CreatedAt": "0001-01-01T00:00:00Z",
  "UpdatedAt": "0001-01-01T00:00:00Z",
  "DeletedAt": null,
  "name": "golang / go",
  "total_star": "45,679",
  "since_star": "28 ",
  "fork": "6,235",
  "description": "The Go programming language",
  "since_flag": "day",
  "language": "go"
 },
 {
  "ID": 0,
  "CreatedAt": "0001-01-01T00:00:00Z",
  "UpdatedAt": "0001-01-01T00:00:00Z",
  "DeletedAt": null,
  "name": "sausheong / invadersapp",
  "total_star": "33",
  "since_star": "27 ",
  "fork": "4",
  "description": "Space invaders in an app",
  "since_flag": "day",
  "language": "go"
 },
 {
  "ID": 0,
  "CreatedAt": "0001-01-01T00:00:00Z",
  "UpdatedAt": "0001-01-01T00:00:00Z",
  "DeletedAt": null,
  "name": "uber-go / zap",
  "total_star": "4,842",
  "since_star": "25 ",
  "fork": "333",
  "description": "Blazing fast, structured, leveled logging in Go.",
  "since_flag": "day",
  "language": "go"
 },
 {
  "ID": 0,
  "CreatedAt": "0001-01-01T00:00:00Z",
  "UpdatedAt": "0001-01-01T00:00:00Z",
  "DeletedAt": null,
  "name": "gin-gonic / gin",
  "total_star": "19,705",
  "since_star": "23 ",
  "fork": "2,332",
  "description": "Gin is a HTTP web framework written in Go (Golang). It features a Martini-like API with much better performance -- up to 40 times faster. If you need smashing performance, get yourself some Gin.",
  "since_flag": "day",
  "language": "go"
 },
 {
  "ID": 0,
  "CreatedAt": "0001-01-01T00:00:00Z",
  "UpdatedAt": "0001-01-01T00:00:00Z",
  "DeletedAt": null,
  "name": "gohugoio / hugo",
  "total_star": "28,023",
  "since_star": "24 ",
  "fork": "3,283",
  "description": "The world’s fastest framework for building websites.",
  "since_flag": "day",
  "language": "go"
 },
 {
  "ID": 0,
  "CreatedAt": "0001-01-01T00:00:00Z",
  "UpdatedAt": "0001-01-01T00:00:00Z",
  "DeletedAt": null,
  "name": "satran / dohproxy",
  "total_star": "78",
  "since_star": "23 ",
  "fork": "6",
  "description": "DNS over HTTPS proxy written in golang",
  "since_flag": "day",
  "language": "go"
 },
 {
  "ID": 0,
  "CreatedAt": "0001-01-01T00:00:00Z",
  "UpdatedAt": "0001-01-01T00:00:00Z",
  "DeletedAt": null,
  "name": "CorentinB / DeepSort",
  "total_star": "27",
  "since_star": "23 ",
  "fork": "1",
  "description": "🧠 AI powered image tagger backed by DeepDetect",
  "since_flag": "day",
  "language": "go"
 },
 {
  "ID": 0,
  "CreatedAt": "0001-01-01T00:00:00Z",
  "UpdatedAt": "0001-01-01T00:00:00Z",
  "DeletedAt": null,
  "name": "go-ego / riot",
  "total_star": "3,835",
  "since_star": "21 ",
  "fork": "182",
  "description": "Go Open Source, Distributed, Simple and efficient Search Engine",
  "since_flag": "day",
  "language": "go"
 },
 {
  "ID": 0,
  "CreatedAt": "0001-01-01T00:00:00Z",
  "UpdatedAt": "0001-01-01T00:00:00Z",
  "DeletedAt": null,
  "name": "astaxie / build-web-application-with-golang",
  "total_star": "24,546",
  "since_star": "17 ",
  "fork": "7,083",
  "description": "A golang ebook intro how to build a web with golang",
  "since_flag": "day",
  "language": "go"
 },
 {
  "ID": 0,
  "CreatedAt": "0001-01-01T00:00:00Z",
  "UpdatedAt": "0001-01-01T00:00:00Z",
  "DeletedAt": null,
  "name": "fatedier / frp",
  "total_star": "14,486",
  "since_star": "17 ",
  "fork": "2,616",
  "description": "A fast reverse proxy to help you expose a local server behind a NAT or firewall to the internet.",
  "since_flag": "day",
  "language": "go"
 },
 {
  "ID": 0,
  "CreatedAt": "0001-01-01T00:00:00Z",
  "UpdatedAt": "0001-01-01T00:00:00Z",
  "DeletedAt": null,
  "name": "containous / traefik",
  "total_star": "17,050",
  "since_star": "14 ",
  "fork": "1,719",
  "description": "The Cloud Native Edge Router",
  "since_flag": "day",
  "language": "go"
 },
 {
  "ID": 0,
  "CreatedAt": "0001-01-01T00:00:00Z",
  "UpdatedAt": "0001-01-01T00:00:00Z",
  "DeletedAt": null,
  "name": "araddon / qlbridge",
  "total_star": "461",
  "since_star": "15 ",
  "fork": "22",
  "description": "A golang SQL expression VM. Library to build query engine based functionality.",
  "since_flag": "day",
  "language": "go"
 },
 {
  "ID": 0,
  "CreatedAt": "0001-01-01T00:00:00Z",
  "UpdatedAt": "0001-01-01T00:00:00Z",
  "DeletedAt": null,
  "name": "snail007 / goproxy",
  "total_star": "3,197",
  "since_star": "14 ",
  "fork": "604",
  "description": "Proxy is a high performance HTTP(S), websocket, TCP, UDP,Secure DNS, Socks5 proxy server implemented by golang. Now, it supports chain-style proxies,nat forwarding in different lan,TCP/UDP port forwarding, SSH forwarding.Proxy是golang实现的高性能http,https,websocket,tcp,防污染DNS,socks5代理服务器,支持内网穿透,链式代理,通讯加密,智能HTTP,SOCKS5代理,域名黑白名单,跨平台,KCP协议支持,集成外部API。",
  "since_flag": "day",
  "language": "go"
 },
 {
  "ID": 0,
  "CreatedAt": "0001-01-01T00:00:00Z",
  "UpdatedAt": "0001-01-01T00:00:00Z",
  "DeletedAt": null,
  "name": "mosuka / blast",
  "total_star": "34",
  "since_star": "14 ",
  "fork": "3",
  "description": "The Blast is a full text search and indexing server written in Go that built on top of the Bleve.",
  "since_flag": "day",
  "language": "go"
 },
 {
  "ID": 0,
  "CreatedAt": "0001-01-01T00:00:00Z",
  "UpdatedAt": "0001-01-01T00:00:00Z",
  "DeletedAt": null,
  "name": "istio / istio",
  "total_star": "10,919",
  "since_star": "12 ",
  "fork": "1,549",
  "description": "Connect, secure, control, and observe services.",
  "since_flag": "day",
  "language": "go"
 },
 {
  "ID": 0,
  "CreatedAt": "0001-01-01T00:00:00Z",
  "UpdatedAt": "0001-01-01T00:00:00Z",
  "DeletedAt": null,
  "name": "jroimartin / gocui",
  "total_star": "3,271",
  "since_star": "13 ",
  "fork": "186",
  "description": "Minimalist Go package aimed at creating Console User Interfaces.",
  "since_flag": "day",
  "language": "go"
 },
 {
  "ID": 0,
  "CreatedAt": "0001-01-01T00:00:00Z",
  "UpdatedAt": "0001-01-01T00:00:00Z",
  "DeletedAt": null,
  "name": "FiloSottile / mkcert",
  "total_star": "9,865",
  "since_star": "2,312 ",
  "fork": "327",
  "description": "A simple zero-config tool to make locally trusted development certificates with any names you'd like.",
  "since_flag": "weekly",
  "language": "go"
 },
 {
  "ID": 0,
  "CreatedAt": "0001-01-01T00:00:00Z",
  "UpdatedAt": "0001-01-01T00:00:00Z",
  "DeletedAt": null,
  "name": "jesseduffield / lazygit",
  "total_star": "8,373",
  "since_star": "1,389 ",
  "fork": "219",
  "description": "simple terminal UI for git commands",
  "since_flag": "weekly",
  "language": "go"
 },
 {
  "ID": 0,
  "CreatedAt": "0001-01-01T00:00:00Z",
  "UpdatedAt": "0001-01-01T00:00:00Z",
  "DeletedAt": null,
  "name": "MichaelMure / git-bug",
  "total_star": "1,319",
  "since_star": "1,281 ",
  "fork": "23",
  "description": "Distributed bug tracker embedded in Git",
  "since_flag": "weekly",
  "language": "go"
 },
 {
  "ID": 0,
  "CreatedAt": "0001-01-01T00:00:00Z",
  "UpdatedAt": "0001-01-01T00:00:00Z",
  "DeletedAt": null,
  "name": "Jeffail / benthos",
  "total_star": "1,313",
  "since_star": "1,013 ",
  "fork": "36",
  "description": "A dull, resilient and quick to deploy stream processor",
  "since_flag": "weekly",
  "language": "go"
 },
 {
  "ID": 0,
  "CreatedAt": "0001-01-01T00:00:00Z",
  "UpdatedAt": "0001-01-01T00:00:00Z",
  "DeletedAt": null,
  "name": "uber-go / zap",
  "total_star": "4,842",
  "since_star": "501 ",
  "fork": "333",
  "description": "Blazing fast, structured, leveled logging in Go.",
  "since_flag": "weekly",
  "language": "go"
 },
 {
  "ID": 0,
  "CreatedAt": "0001-01-01T00:00:00Z",
  "UpdatedAt": "0001-01-01T00:00:00Z",
  "DeletedAt": null,
  "name": "kubernetes / kubernetes",
  "total_star": "40,228",
  "since_star": "306 ",
  "fork": "13,990",
  "description": "Production-Grade Container Scheduling and Management",
  "since_flag": "weekly",
  "language": "go"
 },
 {
  "ID": 0,
  "CreatedAt": "0001-01-01T00:00:00Z",
  "UpdatedAt": "0001-01-01T00:00:00Z",
  "DeletedAt": null,
  "name": "golang / go",
  "total_star": "45,679",
  "since_star": "313 ",
  "fork": "6,235",
  "description": "The Go programming language",
  "since_flag": "weekly",
  "language": "go"
 },
 {
  "ID": 0,
  "CreatedAt": "0001-01-01T00:00:00Z",
  "UpdatedAt": "0001-01-01T00:00:00Z",
  "DeletedAt": null,
  "name": "araddon / qlbridge",
  "total_star": "461",
  "since_star": "338 ",
  "fork": "22",
  "description": "A golang SQL expression VM. Library to build query engine based functionality.",
  "since_flag": "weekly",
  "language": "go"
 },
 {
  "ID": 0,
  "CreatedAt": "0001-01-01T00:00:00Z",
  "UpdatedAt": "0001-01-01T00:00:00Z",
  "DeletedAt": null,
  "name": "avelino / awesome-go",
  "total_star": "34,258",
  "since_star": "287 ",
  "fork": "4,408",
  "description": "A curated list of awesome Go frameworks, libraries and software",
  "since_flag": "weekly",
  "language": "go"
 },
 {
  "ID": 0,
  "CreatedAt": "0001-01-01T00:00:00Z",
  "UpdatedAt": "0001-01-01T00:00:00Z",
  "DeletedAt": null,
  "name": "aykevl / tinygo",
  "total_star": "285",
  "since_star": "266 ",
  "fork": "8",
  "description": "Go compiler for small devices, based on LLVM.",
  "since_flag": "weekly",
  "language": "go"
 },
 {
  "ID": 0,
  "CreatedAt": "0001-01-01T00:00:00Z",
  "UpdatedAt": "0001-01-01T00:00:00Z",
  "DeletedAt": null,
  "name": "iikira / BaiduPCS-Go",
  "total_star": "5,591",
  "since_star": "245 ",
  "fork": "798",
  "description": "百度网盘客户端 - Go语言编写",
  "since_flag": "weekly",
  "language": "go"
 },
 {
  "ID": 0,
  "CreatedAt": "0001-01-01T00:00:00Z",
  "UpdatedAt": "0001-01-01T00:00:00Z",
  "DeletedAt": null,
  "name": "chai2010 / advanced-go-programming-book",
  "total_star": "4,442",
  "since_star": "227 ",
  "fork": "448",
  "description": "📚 《Go语言高级编程》开源图书，涵盖CGO、Go汇编语言、RPC实现、Protobuf插件实现、Web框架实现、分布式系统等高阶主题",
  "since_flag": "weekly",
  "language": "go"
 },
 {
  "ID": 0,
  "CreatedAt": "0001-01-01T00:00:00Z",
  "UpdatedAt": "0001-01-01T00:00:00Z",
  "DeletedAt": null,
  "name": "gin-gonic / gin",
  "total_star": "19,705",
  "since_star": "224 ",
  "fork": "2,332",
  "description": "Gin is a HTTP web framework written in Go (Golang). It features a Martini-like API with much better performance -- up to 40 times faster. If you need smashing performance, get yourself some Gin.",
  "since_flag": "weekly",
  "language": "go"
 },
 {
  "ID": 0,
  "CreatedAt": "0001-01-01T00:00:00Z",
  "UpdatedAt": "0001-01-01T00:00:00Z",
  "DeletedAt": null,
  "name": "ethereum / go-ethereum",
  "total_star": "20,096",
  "since_star": "192 ",
  "fork": "6,822",
  "description": "Official Go implementation of the Ethereum protocol",
  "since_flag": "weekly",
  "language": "go"
 },
 {
  "ID": 0,
  "CreatedAt": "0001-01-01T00:00:00Z",
  "UpdatedAt": "0001-01-01T00:00:00Z",
  "DeletedAt": null,
  "name": "fatedier / frp",
  "total_star": "14,486",
  "since_star": "207 ",
  "fork": "2,616",
  "description": "A fast reverse proxy to help you expose a local server behind a NAT or firewall to the internet.",
  "since_flag": "weekly",
  "language": "go"
 },
 {
  "ID": 0,
  "CreatedAt": "0001-01-01T00:00:00Z",
  "UpdatedAt": "0001-01-01T00:00:00Z",
  "DeletedAt": null,
  "name": "istio / istio",
  "total_star": "10,919",
  "since_star": "196 ",
  "fork": "1,549",
  "description": "Connect, secure, control, and observe services.",
  "since_flag": "weekly",
  "language": "go"
 },
 {
  "ID": 0,
  "CreatedAt": "0001-01-01T00:00:00Z",
  "UpdatedAt": "0001-01-01T00:00:00Z",
  "DeletedAt": null,
  "name": "getlantern / lantern",
  "total_star": "37,003",
  "since_star": "197 ",
  "fork": "8,458",
  "description": "🔴蓝灯最新版本下载 https://github.com/getlantern/download 🔴 Lantern Latest Download https://github.com/getlantern/download 🔴",
  "since_flag": "weekly",
  "language": "go"
 },
 {
  "ID": 0,
  "CreatedAt": "0001-01-01T00:00:00Z",
  "UpdatedAt": "0001-01-01T00:00:00Z",
  "DeletedAt": null,
  "name": "v2ray / v2ray-core",
  "total_star": "9,797",
  "since_star": "189 ",
  "fork": "2,092",
  "description": "A platform for building proxies to bypass network restrictions.",
  "since_flag": "weekly",
  "language": "go"
 },
 {
  "ID": 0,
  "CreatedAt": "0001-01-01T00:00:00Z",
  "UpdatedAt": "0001-01-01T00:00:00Z",
  "DeletedAt": null,
  "name": "prometheus / prometheus",
  "total_star": "18,259",
  "since_star": "186 ",
  "fork": "2,411",
  "description": "The Prometheus monitoring system and time series database.",
  "since_flag": "weekly",
  "language": "go"
 },
 {
  "ID": 0,
  "CreatedAt": "0001-01-01T00:00:00Z",
  "UpdatedAt": "0001-01-01T00:00:00Z",
  "DeletedAt": null,
  "name": "gohugoio / hugo",
  "total_star": "28,023",
  "since_star": "192 ",
  "fork": "3,283",
  "description": "The world’s fastest framework for building websites.",
  "since_flag": "weekly",
  "language": "go"
 },
 {
  "ID": 0,
  "CreatedAt": "0001-01-01T00:00:00Z",
  "UpdatedAt": "0001-01-01T00:00:00Z",
  "DeletedAt": null,
  "name": "jroimartin / gocui",
  "total_star": "3,271",
  "since_star": "180 ",
  "fork": "186",
  "description": "Minimalist Go package aimed at creating Console User Interfaces.",
  "since_flag": "weekly",
  "language": "go"
 },
 {
  "ID": 0,
  "CreatedAt": "0001-01-01T00:00:00Z",
  "UpdatedAt": "0001-01-01T00:00:00Z",
  "DeletedAt": null,
  "name": "containous / traefik",
  "total_star": "17,050",
  "since_star": "168 ",
  "fork": "1,719",
  "description": "The Cloud Native Edge Router",
  "since_flag": "weekly",
  "language": "go"
 },
 {
  "ID": 0,
  "CreatedAt": "0001-01-01T00:00:00Z",
  "UpdatedAt": "0001-01-01T00:00:00Z",
  "DeletedAt": null,
  "name": "go-gitea / gitea",
  "total_star": "9,546",
  "since_star": "164 ",
  "fork": "926",
  "description": "Git with a cup of tea, painless self-hosted git service",
  "since_flag": "weekly",
  "language": "go"
 },
 {
  "ID": 0,
  "CreatedAt": "0001-01-01T00:00:00Z",
  "UpdatedAt": "0001-01-01T00:00:00Z",
  "DeletedAt": null,
  "name": "astaxie / build-web-application-with-golang",
  "total_star": "24,546",
  "since_star": "149 ",
  "fork": "7,083",
  "description": "A golang ebook intro how to build a web with golang",
  "since_flag": "weekly",
  "language": "go"
 },
 {
  "ID": 0,
  "CreatedAt": "0001-01-01T00:00:00Z",
  "UpdatedAt": "0001-01-01T00:00:00Z",
  "DeletedAt": null,
  "name": "otiai10 / amesh",
  "total_star": "233",
  "since_star": "165 ",
  "fork": "5",
  "description": "みんなだいすき東京アメッシュ！",
  "since_flag": "weekly",
  "language": "go"
 },
 {
  "ID": 0,
  "CreatedAt": "0001-01-01T00:00:00Z",
  "UpdatedAt": "0001-01-01T00:00:00Z",
  "DeletedAt": null,
  "name": "MichaelMure / git-bug",
  "total_star": "1,319",
  "since_star": "332 ",
  "fork": "23",
  "description": "Distributed bug tracker embedded in Git",
  "since_flag": "month",
  "language": "go"
 },
 {
  "ID": 0,
  "CreatedAt": "0001-01-01T00:00:00Z",
  "UpdatedAt": "0001-01-01T00:00:00Z",
  "DeletedAt": null,
  "name": "aykevl / tinygo",
  "total_star": "285",
  "since_star": "266 ",
  "fork": "8",
  "description": "Go compiler for small devices, based on LLVM.",
  "since_flag": "month",
  "language": "go"
 },
 {
  "ID": 0,
  "CreatedAt": "0001-01-01T00:00:00Z",
  "UpdatedAt": "0001-01-01T00:00:00Z",
  "DeletedAt": null,
  "name": "jesseduffield / lazygit",
  "total_star": "8,373",
  "since_star": "101 ",
  "fork": "219",
  "description": "simple terminal UI for git commands",
  "since_flag": "month",
  "language": "go"
 },
 {
  "ID": 0,
  "CreatedAt": "0001-01-01T00:00:00Z",
  "UpdatedAt": "0001-01-01T00:00:00Z",
  "DeletedAt": null,
  "name": "Jeffail / benthos",
  "total_star": "1,313",
  "since_star": "54 ",
  "fork": "36",
  "description": "A dull, resilient and quick to deploy stream processor",
  "since_flag": "month",
  "language": "go"
 },
 {
  "ID": 0,
  "CreatedAt": "0001-01-01T00:00:00Z",
  "UpdatedAt": "0001-01-01T00:00:00Z",
  "DeletedAt": null,
  "name": "kubernetes / kubernetes",
  "total_star": "40,228",
  "since_star": "33 ",
  "fork": "13,990",
  "description": "Production-Grade Container Scheduling and Management",
  "since_flag": "month",
  "language": "go"
 },
 {
  "ID": 0,
  "CreatedAt": "0001-01-01T00:00:00Z",
  "UpdatedAt": "0001-01-01T00:00:00Z",
  "DeletedAt": null,
  "name": "iikira / BaiduPCS-Go",
  "total_star": "5,591",
  "since_star": "38 ",
  "fork": "798",
  "description": "百度网盘客户端 - Go语言编写",
  "since_flag": "month",
  "language": "go"
 },
 {
  "ID": 0,
  "CreatedAt": "0001-01-01T00:00:00Z",
  "UpdatedAt": "0001-01-01T00:00:00Z",
  "DeletedAt": null,
  "name": "FiloSottile / mkcert",
  "total_star": "9,865",
  "since_star": "38 ",
  "fork": "327",
  "description": "A simple zero-config tool to make locally trusted development certificates with any names you'd like.",
  "since_flag": "month",
  "language": "go"
 },
 {
  "ID": 0,
  "CreatedAt": "0001-01-01T00:00:00Z",
  "UpdatedAt": "0001-01-01T00:00:00Z",
  "DeletedAt": null,
  "name": "avelino / awesome-go",
  "total_star": "34,258",
  "since_star": "35 ",
  "fork": "4,408",
  "description": "A curated list of awesome Go frameworks, libraries and software",
  "since_flag": "month",
  "language": "go"
 },
 {
  "ID": 0,
  "CreatedAt": "0001-01-01T00:00:00Z",
  "UpdatedAt": "0001-01-01T00:00:00Z",
  "DeletedAt": null,
  "name": "v2ray / v2ray-core",
  "total_star": "9,797",
  "since_star": "28 ",
  "fork": "2,092",
  "description": "A platform for building proxies to bypass network restrictions.",
  "since_flag": "month",
  "language": "go"
 },
 {
  "ID": 0,
  "CreatedAt": "0001-01-01T00:00:00Z",
  "UpdatedAt": "0001-01-01T00:00:00Z",
  "DeletedAt": null,
  "name": "golang / go",
  "total_star": "45,679",
  "since_star": "28 ",
  "fork": "6,235",
  "description": "The Go programming language",
  "since_flag": "month",
  "language": "go"
 },
 {
  "ID": 0,
  "CreatedAt": "0001-01-01T00:00:00Z",
  "UpdatedAt": "0001-01-01T00:00:00Z",
  "DeletedAt": null,
  "name": "sausheong / invadersapp",
  "total_star": "33",
  "since_star": "27 ",
  "fork": "4",
  "description": "Space invaders in an app",
  "since_flag": "month",
  "language": "go"
 },
 {
  "ID": 0,
  "CreatedAt": "0001-01-01T00:00:00Z",
  "UpdatedAt": "0001-01-01T00:00:00Z",
  "DeletedAt": null,
  "name": "uber-go / zap",
  "total_star": "4,842",
  "since_star": "25 ",
  "fork": "333",
  "description": "Blazing fast, structured, leveled logging in Go.",
  "since_flag": "month",
  "language": "go"
 },
 {
  "ID": 0,
  "CreatedAt": "0001-01-01T00:00:00Z",
  "UpdatedAt": "0001-01-01T00:00:00Z",
  "DeletedAt": null,
  "name": "gin-gonic / gin",
  "total_star": "19,705",
  "since_star": "23 ",
  "fork": "2,332",
  "description": "Gin is a HTTP web framework written in Go (Golang). It features a Martini-like API with much better performance -- up to 40 times faster. If you need smashing performance, get yourself some Gin.",
  "since_flag": "month",
  "language": "go"
 },
 {
  "ID": 0,
  "CreatedAt": "0001-01-01T00:00:00Z",
  "UpdatedAt": "0001-01-01T00:00:00Z",
  "DeletedAt": null,
  "name": "gohugoio / hugo",
  "total_star": "28,023",
  "since_star": "24 ",
  "fork": "3,283",
  "description": "The world’s fastest framework for building websites.",
  "since_flag": "month",
  "language": "go"
 },
 {
  "ID": 0,
  "CreatedAt": "0001-01-01T00:00:00Z",
  "UpdatedAt": "0001-01-01T00:00:00Z",
  "DeletedAt": null,
  "name": "satran / dohproxy",
  "total_star": "78",
  "since_star": "23 ",
  "fork": "6",
  "description": "DNS over HTTPS proxy written in golang",
  "since_flag": "month",
  "language": "go"
 },
 {
  "ID": 0,
  "CreatedAt": "0001-01-01T00:00:00Z",
  "UpdatedAt": "0001-01-01T00:00:00Z",
  "DeletedAt": null,
  "name": "CorentinB / DeepSort",
  "total_star": "27",
  "since_star": "23 ",
  "fork": "1",
  "description": "🧠 AI powered image tagger backed by DeepDetect",
  "since_flag": "month",
  "language": "go"
 },
 {
  "ID": 0,
  "CreatedAt": "0001-01-01T00:00:00Z",
  "UpdatedAt": "0001-01-01T00:00:00Z",
  "DeletedAt": null,
  "name": "go-ego / riot",
  "total_star": "3,835",
  "since_star": "21 ",
  "fork": "182",
  "description": "Go Open Source, Distributed, Simple and efficient Search Engine",
  "since_flag": "month",
  "language": "go"
 },
 {
  "ID": 0,
  "CreatedAt": "0001-01-01T00:00:00Z",
  "UpdatedAt": "0001-01-01T00:00:00Z",
  "DeletedAt": null,
  "name": "astaxie / build-web-application-with-golang",
  "total_star": "24,546",
  "since_star": "17 ",
  "fork": "7,083",
  "description": "A golang ebook intro how to build a web with golang",
  "since_flag": "month",
  "language": "go"
 },
 {
  "ID": 0,
  "CreatedAt": "0001-01-01T00:00:00Z",
  "UpdatedAt": "0001-01-01T00:00:00Z",
  "DeletedAt": null,
  "name": "fatedier / frp",
  "total_star": "14,486",
  "since_star": "17 ",
  "fork": "2,616",
  "description": "A fast reverse proxy to help you expose a local server behind a NAT or firewall to the internet.",
  "since_flag": "month",
  "language": "go"
 },
 {
  "ID": 0,
  "CreatedAt": "0001-01-01T00:00:00Z",
  "UpdatedAt": "0001-01-01T00:00:00Z",
  "DeletedAt": null,
  "name": "containous / traefik",
  "total_star": "17,050",
  "since_star": "14 ",
  "fork": "1,719",
  "description": "The Cloud Native Edge Router",
  "since_flag": "month",
  "language": "go"
 },
 {
  "ID": 0,
  "CreatedAt": "0001-01-01T00:00:00Z",
  "UpdatedAt": "0001-01-01T00:00:00Z",
  "DeletedAt": null,
  "name": "araddon / qlbridge",
  "total_star": "461",
  "since_star": "15 ",
  "fork": "22",
  "description": "A golang SQL expression VM. Library to build query engine based functionality.",
  "since_flag": "month",
  "language": "go"
 },
 {
  "ID": 0,
  "CreatedAt": "0001-01-01T00:00:00Z",
  "UpdatedAt": "0001-01-01T00:00:00Z",
  "DeletedAt": null,
  "name": "snail007 / goproxy",
  "total_star": "3,197",
  "since_star": "14 ",
  "fork": "604",
  "description": "Proxy is a high performance HTTP(S), websocket, TCP, UDP,Secure DNS, Socks5 proxy server implemented by golang. Now, it supports chain-style proxies,nat forwarding in different lan,TCP/UDP port forwarding, SSH forwarding.Proxy是golang实现的高性能http,https,websocket,tcp,防污染DNS,socks5代理服务器,支持内网穿透,链式代理,通讯加密,智能HTTP,SOCKS5代理,域名黑白名单,跨平台,KCP协议支持,集成外部API。",
  "since_flag": "month",
  "language": "go"
 },
 {
  "ID": 0,
  "CreatedAt": "0001-01-01T00:00:00Z",
  "UpdatedAt": "0001-01-01T00:00:00Z",
  "DeletedAt": null,
  "name": "mosuka / blast",
  "total_star": "34",
  "since_star": "14 ",
  "fork": "3",
  "description": "The Blast is a full text search and indexing server written in Go that built on top of the Bleve.",
  "since_flag": "month",
  "language": "go"
 },
 {
  "ID": 0,
  "CreatedAt": "0001-01-01T00:00:00Z",
  "UpdatedAt": "0001-01-01T00:00:00Z",
  "DeletedAt": null,
  "name": "istio / istio",
  "total_star": "10,919",
  "since_star": "12 ",
  "fork": "1,549",
  "description": "Connect, secure, control, and observe services.",
  "since_flag": "month",
  "language": "go"
 },
 {
  "ID": 0,
  "CreatedAt": "0001-01-01T00:00:00Z",
  "UpdatedAt": "0001-01-01T00:00:00Z",
  "DeletedAt": null,
  "name": "jroimartin / gocui",
  "total_star": "3,271",
  "since_star": "13 ",
  "fork": "186",
  "description": "Minimalist Go package aimed at creating Console User Interfaces.",
  "since_flag": "month",
  "language": "go"
 }
]